Team Name,Roll_Number,Stauts_comp1,Stauts_comp2,Rank_in_1,Rank_in_2
A Sai Krishna ,B19BB063 ,Yes,no,,
Abir Roy ,B19BB001 ,Yes,Yes,,
Addepalli Bharat Sai ,B19BB002 ,no,Yes,,
Aditi Bhuteja ,B19ME001 ,Yes,Yes,,
Aditya Kumar ,B19BB003 ,Yes,Yes,,
Akanksha Raj ,B19ME002 ,Yes,Yes,,
Akarshit Kumar Verma ,B19ME003 ,Yes,Yes,,
Akshansh Verma ,B19BB004 ,Yes,Yes,,
Aman Goyal ,B19ME004 ,Yes,Yes,,
Aman Kajavadra ,B19ME005 ,Yes,no,,
Aman Kumar Dahariya ,B19ME006 ,Yes,Yes,,
Aman Prakash ,B19BB005 ,Yes,Yes,,
Animelli Akshay ,B19ME009 ,Yes,no,,
Ankit Patel ,B19BB053 ,no,Yes,,
Anshul Chauhan ,B19BB006 ,Yes,Yes,,
Archit Bansal ,B19ME010 ,Yes,Yes,,
Arjun Hurket ,B19ME012 ,Yes,Yes,,
Aryan Srivastava ,B19BB007 ,Yes,Yes,,
Ashish Chhikara ,B19ME013 ,no,no,,
Ashutosh Singh ,B19BB008 ,Yes,Yes,,
Ashutosh Singh ,B19BB009 ,Yes,Yes,,
Asif Ali ,B19ME014 ,no,no,,
Ayush Shukla ,B19ME015 ,Yes,Yes,,
B Chandu Naik ,B19BB010 ,Yes,Yes,,
Bakshi Shantanu ,B19CSE019 ,no,no,,
Banshul Kumar Mahajan ,B19ME016 ,Yes,Yes,,
Bansi Prathima Muthyala ,B19ME017 ,Yes,Yes,,
Bhavesh Naresh Jadhav ,B19ME019 ,Yes,Yes,,
Charu Singodia ,B19ME020 ,Yes,Yes,,
Chinmay Pradiprao Borale ,B19BB011 ,Yes,Yes,,
Chinmay Wahi ,B19ME021 ,Yes,Yes,,
Chunduru Sai Vamsi Krishna ,B19ME023 ,Yes,Yes,,
Devendra Choudhary ,B19ME024 ,no,no,,
Divyanshi Jagetiya ,B19BB012 ,Yes,Yes,,
Esha Mangal ,B19ME025 ,Yes,Yes,,
Gaurav Dibyendu Sen ,B19BB013 ,Yes,Yes,,
Gaurav Kumar ,B19ME026 ,Yes,Yes,,
Gaurav Yadav ,B19ME027 ,Yes,Yes,,
Gulshan Kumar ,B19BB015 ,Yes,Yes,,
Haidar Ali ,B19ME029 ,Yes,no,,
Hardik Jain ,B19BB017 ,Yes,Yes,,
Harsh Kumar ,B20AI011 ,no,no,,
Indupalli Kiranmai ,B19ME030 ,Yes,Yes,,
Jatin Singhal ,B19ME032 ,Yes,Yes,,
Jeevesh Jain ,B19ME033 ,Yes,Yes,,
Jha Ayush Krishnakant ,B19BB019 ,no,Yes,,
Jijau Rajabhau Wadane ,B19ME034 ,Yes,Yes,,
Kakadiya Dhruv Pareshbhai ,B19ME035 ,Yes,Yes,,
Kanishka ,B19BB064 ,Yes,Yes,,
Kartik Aggarwal ,B19ME036 ,Yes,Yes,,
Khushal Sonawat ,B19ME037 ,Yes,Yes,,
Khyati Tiwari ,B19BB021 ,Yes,Yes,,
Kodali Manoj Kumar ,B19ME038 ,no,no,,
Krishna Jajoo ,B19BB022 ,Yes,Yes,,
Kshitij Singh ,B19ME039 ,Yes,Yes,,
Kuwar Ranvijay Singh ,B19ME040 ,Yes,Yes,,
Lalit Kumar Pal ,B19BB024 ,Yes,Yes,,
Lokesh Panwar ,B19ME041 ,Yes,Yes,,
Mandula Priyanka ,B19BB025 ,no,no,,
Manoj Meena ,B19ME044 ,Yes,Yes,,
Mansi Verma ,B19ME045 ,Yes,Yes,,
Manthati Kranthiveer ,B19BB026 ,no,no,,
Mayank Kundalwal ,P19CSE006),no,no,,
Mayank Shekhar ,B19ME046 ,Yes,Yes,,
Md Mustafa Ali ,M20CI059 ,no,no,,
Mihir Lakhotia ,B19ME047 ,Yes,no,,
Mukesh Kumar Gurjar ,B19BB029 ,Yes,Yes,,
Nadendla Ahammad Hussain ,B19BB030 ,Yes,Yes,,
Neelesh Sahoo ,B19ME048 ,no,no,,
Nikita Singh ,B19ME050 ,Yes,Yes,,
Nitish Kumar ,B19ME052 ,Yes,Yes,,
Palak Totla ,B19BB031 ,Yes,Yes,,
Palli Lakshmi Prasanthi ,B19ME053 ,Yes,no,,
Peddemoni Dhanush Yadav ,B19BB032 ,Yes,Yes,,
Pendela Hemanth ,B19BB057 ,no,no,,
Prajjaval Verma ,B19ME054 ,Yes,Yes,,
Prince Gupta ,B19BB033 ,Yes,Yes,,
Priyal Bansal ,B19ME056 ,Yes,Yes,,
Priyanka Nehra ,B19ME057 ,Yes,Yes,,
Ranbir Singh ,B19BB035 ,Yes,Yes,,
Rathod Chandra Shekar Azad ,B19ME060 ,Yes,Yes,,
Ravi Verma ,B19ME062 ,Yes,Yes,,
Reena Lokanath Rathod ,B19ME063 ,Yes,Yes,,
Riddhi Sera ,B19BB036 ,Yes,Yes,,
Riddhima Pandey ,B19ME064 ,Yes,Yes,,
Rishabh Deora ,B19ME065 ,Yes,Yes,,
Rishav Kumar ,B19ME066 ,Yes,Yes,,
Rohit Kushwah ,B19ME068 ,Yes,Yes,,
Rohit Nagar ,B19ME069 ,Yes,Yes,,
Sachin Mor ,B19BB037 ,Yes,Yes,,
Sahil ,B19ME070 ,Yes,Yes,,
Saksham Soni ,B19ME071 ,Yes,Yes,,
Sandeep Swami ,B19ME072 ,Yes,Yes,,
Sandesh Singh ,B19ME073 ,Yes,Yes,,
Sanjay Kaswan ,B19ME074 ,Yes,Yes,,
Sanodariya Kshitij Ashvinchandra ,B19ME075 ,Yes,Yes,,
Sanskriti Hedaoo ,B19BB039 ,Yes,Yes,,
Sarthak Vasan ,B19BB040 ,Yes,Yes,,
Satyam Kumar ,B19BB060 ,Yes,Yes,,
Satyam Kumar ,B19ME076 ,Yes,Yes,,
Sayantan Pal ,B19ME077 ,Yes,Yes,,
Shankar Lal Yadav ,B19BB041 ,Yes,Yes,,
Shashank Saraswat ,B19BB042 ,Yes,Yes,,
Shivam Pankaj Zade ,B19BB043 ,Yes,Yes,,
Shivam Shashank ,B19ME078 ,Yes,Yes,,
Shravan Baghel ,B19BB065 ,Yes,no,,
Shubham Agrawal ,B19BB044 ,Yes,Yes,,
Sonali Jolly ,M20CS061),no,no,,
Sriganesh R ,B19BB045 ,Yes,Yes,,
Srijash Aryan ,B19ME080 ,Yes,Yes,,
Srujan Kumar Kankatala ,B19ME081 ,Yes,Yes,,
Suresh Kumar Meena ,B19ME083 ,no,Yes,,
Suyash Kumar Agnihotri ,B19ME084 ,Yes,Yes,,
Tarun Kumar ,B19BB047 ,Yes,Yes,,
Trishant Gopal Pamnani ,B19ME086 ,Yes,Yes,,
Tushar Kankhedia ,B19ME087 ,Yes,Yes,,
Tushar Sharma ,B19BB048 ,Yes,Yes,,
Vasava Arjeetkumar Dilamsing ,B19ME089 ,Yes,Yes,,
Ved Surendra Thakur ,B19ME090 ,no,no,,
Venkatesh Patnala ,B19ME091 ,Yes,Yes,,
Vikash Kumar Meena ,B19ME092 ,Yes,no,,
Vinay Kumar Pandey ,B19ME093 ,no,no,,
Vishnu Kumar ,B19BB066 ,Yes,Yes,,
Yerra Bhanu Kiran ,B19BB051 ,no,Yes,,
Yuvraj Singh Yadav ,B19ME095 ,Yes,Yes,,
